id,anagram_x,correct,response
001,otbau,about,about batou aotbu bat about about
002,yeowll,yellow,yellow yellow yellow yeow yellow yellow
003,lilts,still,still still tils slit still still
004,eorv,over,rove rove vore rove over over
005,eanrl,learn,learn learn learn reak learn learn
006,ilervs,silver,silver silver lervis liver silver livers
007,adorab,abroad,abroad badora adorab bad abroad abroade
008,saol,also,also laos loas ola laso also
009,trehe,there,there three three there three there
010,iethr,their,their their eithr their either their
011,enhw,when,when when when when when when
012,gjlenu,jungle,jungle jungle enugil gel jugle jungle
013,eryv,very,very very very very very very
014,latnp,plant,plant plant pantl plant plant plant
015,hgtin,thing,thing thing tighg night night thing
016,ufselu,useful,useful useful useful eluf useful useful
017,hhaelt,health,health health healt halt health health
018,grael,large,lager large gael lager large large
019,mite,time,time time mite time time time
020,leacp,place,place place peacl leap place place
021,ffctee,effect,effect etecff fetect feet effect effect
022,bjecto,object,object object object job object object
023,osme,some,some some some some some some
024,ginaa,again,again again niaga agina again again
025,ewtlha,wealth,wealth wealth thewl heat wealth wealth
026,tderes,desert,rested desert tedres dret desert desert
027,ncotai,action,action tocnai cotain cant action action
028,eehrt,three,three three heert there three there
029,konw,know,know know know wonk know know
030,eclcri,circle,circle celeri circle clerc circle circle
031,ktihn,think,think think ithhe think think think
032,nhgace,change,change change grace can change change
033,evyre,every,every every every every every every
034,husoe,house,house house House hose house house
035,vgie,give,give give grie give give give
036,mfor,from,from form form form from form
037,ponti,point,point piton point not point point
038,dolcu,could,could cloud docul cold cloud cloud
039,peleop,people,people people people peel people people
040,hwat,what,what what what what what what
041,itno,into,into noit into tino into oint
042,gltihf,flight,flight flight light flight flight filthy
043,omer,more,more rome more rome rome more
044,ysdtu,study,study study tusdy dusty study study
045,ttha,that,that that that that that that
046,heav,have,have have have have have have
047,hotre,other,other throe treho hot thero other
048,onusd,sound,sound sound sound udon sound sound
049,antw,want,want want want want want want
050,hwti,with,with with with whit with with
051,sheet,these,these these sheet sheet sheet sheet
052,akbc,back,back back bbakc back back back
053,tyeh,they,they they they they they they
054,azutrq,quartz,quartz quartz qazutr quart quartz quartz
055,uavcmu,vacuum,vacuum vacuum vacuum vaccum vacuum vacuum
056,iwll,will,will will will will will will
057,llpse,spell,spell spell pilse pell spell spell
058,eatrf,after,after featr featr eat after after
059,enht,then,then then then then then then
060,tnurea,nature,nature nature tundre turn nature nature
061,beoav,above,above above above abe abovd above
062,emdtho,method,method method emdtho thod method method
063,oruy,your,your your your your your your
064,itsh,this,hits this shit shit shit shit
065,iansld,island,island island island island island island
066,hemt,them,them them temp them them them
067,lmsal,small,small small samll small small Islam
068,sitrf,first,first first stiff rifts first first
069,gthir,right,girth girth thgir right right girth
070,ygeren,energy,energy energy green regen energy energy
071,uhcm,much,much chum cuhm chum much much
072,ofndu,found,found fondu Dufon fond found found
073,oblwe,below,elbow bowel olwbe blow below below
074,rebeez,breeze,breeze breeze beezre beer beezer breeze
075,daaemg,damage,damage damage megaad damage damage damage
076,erlvat,travel,travel travel lervat travel travel revalt
077,uebtay,beauty,beauty beauty tubay bet beauty beauty
078,dlqiui,liquid,liquid liquid quidli liquid liquid liquid
079,oredcr,record,record record order cred record corder
080,keelrn,kernel,renkle kernel nrikee kneel kernel kernel
081,rwohgt,growth,growth growth wroght how growth growth
082,tkea,take,take take take take take take
083,stmo,most,most most toms most most most
084,txet,text,text text text text text text
085,lkie,like,like like like like like like
086,przhye,zephyr,zephyr zephyr pzhye yep phyzre zephyr
087,gtrae,great,great great great great great grate
088,tahn,than,than than than than than thjan
089,eenrv,never,nerve never veen nerve never never
090,wdno,down,down down wond won down down
091,ndif,find,find find find find find find
092,ripeem,empire,premie empire empire mippe prime idk
093,faodfr,afford,afford afford afford frodo fo afford
094,rrmoir,mirror,mirror mirror mirror mirror mirror mirror
095,yyrale,yearly,yearly yearly yearly rayyle yearly idk
096,twire,write,write wirte write write write write
097,oyugn,young,young young young yug young young
098,htigl,light,light light light light light gihlt 
099,wteall,wallet,wallet wallet wallet tallew wall wallet
100,brorha,harbor,harbor harbor harbor harbor harbor harbor
101,ecagrh,charge,greach charge charge scarh ch charge
102,eevn,even,even even even even even even
103,ofcife,office,office office office office c office
104,higts,sight,sight sight sight tights sight tighs
105,tfhrea,father,father farther father three father feather
106,ecfa,face,face cafe face face face face
107,leiv,live,veil live live live evil viel
108,mihgt,might,might might might night might might
109,niel,line,line line line line line lien
110,lalc,call,call call call call call calc
111,elvo,love,love love love love love love
112,ielhw,while,while while while while while idk
113,phel,help,help help help help help help
114,odlwu,would,would would would old would would
115,atrts,start,start start start tarts start start
116,genrad,garden,danger danger grande red danger danger
117,ehwti,white,white white white white white white
118,eflt,left,left felt felt felt felt felt
119,wihhc,which,which which which which which which
120,ruesp,super,super purse purse super super super
121,vome,move,move move move move move move
122,rnut,turn,turnj turn runt turn turn runt
123,vnisoi,vision,vision vision vision vision vision vision
124,emse,seem,seem seem seem seem seem seem
125,weset,sweet,sweet sweet sweet sete sweet idk
126,awya,away,away away away away away away
127,atkl,talk,talk talk talk talk talk talk
128,ewrhe,where,where where where where where where
129,jniruy,injury,injury injury injury injury injury injury
130,kuicq,quick,quick quick quick quick quick quick
131,priist,spirit,sirtip spirit spirit trisp spirit tisipr
132,agpe,page,gape gape page page gape gape
133,paly,play,play play play palu play play
134,cekjta,jacket,jacke jacket jacket jeck . jacket
135,psto,stop,stop post stop stop stop stop
136,anlxie,xenial,lanxie axel xenial lnd ? idk
137,eelf,feel,flee feel flee feel feel feel
138,lneeed,needle,indeed needle needle needle needle lendee
139,mrtpio,import,import import import portion import tormip
140,dptuae,update,daptua update update tuap update puated
141,lissof,fossil,fossil fossil fossil soil fossil fossil
142,tpra,part,trap part part part trap part
143,dgrnae,danger,garden grenade danger raemd garden grande
144,gener,green,green genre genre gener reneg green
145,aecrl,clear,larce clear clear creal clear larce
146,klelri,killer,killer killer killer rilkke k idk
147,yotsr,story,story story story story story story
148,ekpe,keep,peek peek keep keep peek keep
149,evuqri,quiver,quiver quiver quiver euvwui quiver viequr
150,yict,city,city city city city city city
151,nowbr,brown,brown brown brown brown brown brown
152,ocdiaz,zodiac,zodiac zodiac zodiac diaz zodiac zodiac
153,iuteq,quiet,quite quiet quiet quite quiet quiet
154,rdah,hard,hard hard hard hard hard hard
155,uqiet,quite,quiet quiet quiet quiet quiet quiet
156,eocm,come,come come come come come come
157,nderu,under,under under under rnde under ruden
158,meltep,temple,temple temple temple leptep temple temple
159,srue,sure,sure ruse sure sure user ruse
160,uitrag,guitar,guitar guitar guitar esksdh guitar idk
161,inlpec,pencil,pencil pencil pencil pld ? idk
162,uspl,plus,plus plus plus plus plus lusp
163,hoest,those,those those those those th idk
164,atsy,stay,stay stay stay stay stay stay
165,habcrn,branch,branch branch branch carndh branch idk
166,altpop,laptop,laptop laptop laptop laptop laptop idk
167,erad,read,read read read dear read dare
168,hgtir,right,right right right right right right
169,sdnat,stand,stand stand stand nada stand idk
170,dnee,need,need need need need need need
171,tnigh,night,night night night night night night
172,hmerma,hammer,hammer hammer hammer mereme hammer hammer
173,aklbc,black,black black black lackd black black
174,aretw,water,water water water taerw water water
175,tsaet,state,taste taste taste satte taste taste
176,okrw,work,work work work work work work
177,enxt,next,next next next next next next
178,wrdol,world,world world world lord world world
179,rngay,angry,angry garny angry grayn angry idk
180,esonra,reason,reason reason reason reason reason reason
181,amyn,many,many many many many army many many many myan
182,ehar,hear,hare hear hear hare hear hear hear hear hear
183,leovit,violet,violet violet violet violet violet violet violet violet violet
184,htire,their,their their herit thire hire their retire their rithe
185,cabneo,beacon,beacon beacon cabone beacon cabnet beacon beacon beacon cabeno
186,unaitq,quaint,quaint quaint quaint quaint quanit quaint quaint quaint quaint
187,feil,life,life life file life Fiel file life life life
188,lbea,able,bale able able bale beal bale able able able
189,ceeap,peace,peace peace peace peace peeca peace peace peace peace
190,ensev,seven,seven evens seven seven Seven seven seveb seven seven
191,tintek,kitten,kitten kitten inttek kitten think kitten kitten kitten kinett
192,btse,best,best best best best best best best best best
193,nhakt,thank,thank thank khant thank thank thank thank thank thank
194,magtne,magnet,magnet magnet magnet magnet magnet magnet magnet magnet magnet
195,ehrat,earth,reath threat threat heart heart heart earth heart heart
196,tsco,cost,cost cost cost scot tsoc cost cost cost cost
197,srhfe,fresh,fresh fresh fresh fresh fresh fresh fresh fresh fresh
198,eedgln,legend,legend legend legend legend ledgin legend ledgend legend deleng
199,enses,sense,sense sense sense sense cases sense senses sense sense
200,rthib,birth,birth birth birth birth Rithb birth birth birth birth
201,eotn,note,tone tone tone tone tone note note tone note
202,lsat,last,last last salt last last last last salt last
203,ameg,game,mega game mega mega mega game game game game
204,datoy,today,today today today today dotya today today today today
205,oeph,hope,hope hope hope hope poeh hope hope hope hope
206,rtidh,third,third drift dirth third right third third third third
207,ujrion,junior,junior junior junior junior jurior junior junior junior joinur
208,nithk,think,think think think think Think think think think think
209,emta,team,team team tema team team mate team meta tame
210,nadelc,candle,candle candel candle candle Nadelc candle candle candle candle
211,inecs,since,since since insec since neics sinec since since nices
212,oattl,total,total total total total autto total total total total
213,cnevio,novice,conive novice cevenio novice nevio novice novice novice novice
214,lrati,trial,trial trail ratil trail train trial trial trail trail
215,htorn,north,thorn thorn thorn thorn thorn thorn thorn north thorn
216,oxpetr,export,export export expert export Oxpeter toxper export export tropex
217,lelt,tell,tell tell tell tell tell tell tell tell tell
218,iebozm,zombie,zombie zombie zombie zombie emovia zombie zombie zombie zombie
219,rerntu,return,return return return return return nurter return return return
220,ecipe,piece,piece piece epice piece piece piece piece piece piece
221,rteta,treat,treat treat treat treat treat tarte tarte treat treat
222,ypatr,party,party party party party party party party party party
223,llwyeo,yellow,yellow yellow yellow yellow Yellow yellow yellow yellow yellow
224,eahtr,heart,reath earth earth heart eathr heart earth heart heart
225,odrpu,proud,proud proud drop proud prudo proud proud proud proud
226,shxti,sixth,sixth sixth shixt sixth shixi sixth sixth shtix shixt
227,otmnh,month,month month month month other month month month month
228,ghnti,thing,night night night night Ghnat night night thing night
229,eljgug,juggle,juggle juggle gulge juggle judgle juggle juggle juggle juggle
230,sace,case,case case aces case case case case aces case
231,onreag,orange,orange orange orange orange ranue oregan orange orange orange
232,nwrche,wrench,wrench wrench rwench wrench Neche wrench wrench wrench wrench
233,retmka,market,market market market market maker market market market market
234,reac,care,care race race care crea acre race acre care
235,dheta,death,death death hated death data death death death death
236,enurgt,urgent,tregun urgent urgent urgent nuget gretun urgent urgent grunte
237,alshl,shall,shall shall shall shall Shell slash halls shall shall
238,ddceea,decade,decade decade decead decade deed decade decade decade decade
239,ifon,info,fion info fion info Info fion info info onfi
240,mhoe,home,home home home homr more home home home home
241,lmsiep,simple,impels simple simple simple Mistep simple impis simple plimes
242,orad,road,road road road road doar road road road road
243,eeagul,league,league league leauge league gulle league league league lauege
244,roezfn,frozen,frozen frozen frozen frozen razor frozen frozen frozen frozen
245,estt,test,test test test test test test test test test
246,gspsoi,gossip,gossip gossip gossip gossip Posigs gosip gossip gossip gossip
247,apictm,impact,mantic impact captim impact picture maptic impact impact impact
248,othrs,short,short short sorth short others roths short short sroth
249,matoun,amount,amount amount mountain amount Matron amount amount amount amount
250,eurt,true,true true rute rute treu true true true true
251,patten,patent,patent patten patten patent patten patent patent pentat patten
252,arnrwo,narrow,narrow narrow narrow narrow anthro narrow narrow narrow narrow
253,mtos,most,most most most smot Most most most most most
254,ontesh,honest,shento honest honest honest session nestho honest honest noshet 
255,utcoh,touch,touch couth touch couth cloth coutch touch couth touch
256,npal,plan,plan plan panl plan napal plan plan plan plan
257,opcy,copy,copy copy copy copy copy copy copy copy cpy
258,erhte,three,there there erthe there there there there there there
259,ydikne,kidney,kidney dinkey kidney kidney klydike kidney kidney kidney kidney
260,iwve,view,wive wive view view view view view view view
261,owsh,show,show show show show show show show show show
262,ieda,idea,idea idea idea idea idea idea idea idea idea
263,ekew,week,week week week week Skew week week week week
264,yodb,body,body body body body body body body body body
265,stei,site,site site ties site teis ties site site ties
266,dahn,hand,hand hand hand hand dawn hand hand hand hand
267,itaw,wait,wait wait wait wait wait wait wait wait wait
268,stiesu,tissue,suites suite tissue tissue tiessu tissue tissue tissue suites
269,nilfa,final,final final final final Filan final final final final
270,arint,train,train train raint train trint train train train train
271,yttnko,knotty,knotty knotty knotty knotty knotty knotty kontty
272,lndsai,island,island danils island  island island island indias
273,twhac,watch,watch watch whact watch watch watch watch
274,tsli,list,list silt slit list list list list
275,hself,shelf,shelf flesh shelf  shelf flesh shelf shelf
276,yngou,young,gouny young young young young young young
277,msis,miss,miss miss miss miss miss miss miss
278,ellyav,valley,valley valley valley  valley valley valley valley
279,wtroh,worth,throw throw worth  worth worth worth throw
280,dpaeut,update,update tauped update tauped update update peanut
281,enowrd,wonder,wonder redown renowed wonder wonder downer wonder
282,esur,user,sure sure sure sure sure sure sure
283,shif,fish,fish fish fish fish fish fish fish
284,rcad,card,card card card card card card card
285,wnmeo,women,women women women women women women neumo
286,piarll,pillar,pillar pillar pillar pillar pillar pillar arllip
287,edal,lead,deal lead lead deal deal deal lade
288,aedgma,damage,gamed agedma damage damage damage damage damage
289,rfom,form,form form from form from form form
290,qruuom,quorum,quroum uruqom quorum  quorum quorum quorum quuorm
291,rcanhb,branch,charbn chranb branch branch branch branch carnbh
292,oevci,voice,covie voice voice voice voice voice voice
293,olkcc,clock,clock clock clock clock clock clock clock
294,elas,sale,sale  seal sale sale seal sale sale
295,lenion,online,online linen online online online online leonin
296,aybb,baby,baby baby baby baby baby baby baby
297,ssma,mass,mass mass mass mass mass mass mass
298,nrlaom,normal,normal marlon normal normal normal normal narlom
299,waets,waste,sweat sweat sweat waste waste waste sweat
300,gowrn,wrong,grown grown grown wrong grown grown grown
301,otinpo,option,option option option potion option potion pointo
302,oveid,video,voide doive video video video video video
303,labl,ball,ball ball ball ball ball ball ball
304,huotys,youths,shouty shouty youths shouty youths shouty shouty
305,pisl,slip,lisp lips lips lisp lips slip lisp
306,lbcu,club,bulc bulc club club club club club
307,auvel,value,value value value value value value value
308,ogetun,tongue,tongue tongue tongue tounge tongue engout tongue
309,asdn,sand,sand sand sand sand sand sand sand
310,iitsv,visit,visit visit vist visit visit visit visit
311,erwso,worse,worse worse worse worse worse worse worse
312,rauesq,square,square square square square square square quaser
313,rtewa,water,water water water water water water water
314,truts,trust,truts trust trust trust trust strut trust
315,iwrte,write, write write write write write write write
316,etps,step,step step pets step step pest step
317,uausl,usual,sualu usual usual usual usual usual usual
318,kins,sink,sink sink skin skin skin skin skin
319,tcwie,twice,twice twice twice twice twice twice twice
320,rtuht,truth,thurt truth truth truth truth truth truth
321,tuyho,youth,thouy youth youth  youth youth youth youth
322,ehicoc,choice,choice choice cochie choice choice choice cochie
323,ituln,until,nuilt tiuln until until until until tinul
324,zigagz,zigzag,zigzag ziqzag zigzag zigzag zigzag zigzag zigzag
325,ilmk,milk,limk milk milk milk milk milk milk
326,srki,risk,kris irks risk risk kris risk risk
327,hiwel,while,whiel while while while while while wielh
328,asps,pass,pass pass saps pass pass pass saps
329,oact,coat,taco coa coat taco coat taco coat
330,ecepir,recipe,recipe recipe pierce pierce recipe pierce pierce
331,gtreat,target,target greatt greatt target target target greatt
332,vleo,love,love love love love love love vole
333,aebs,base,baser base base base base base seab
334,memidu,medium,medium medium medium medium medium medium medium
335,eltlit,little,little littl title little little little little
336,eert,tree,reet teer tree tree tree tert tree
337,lpaep,apple,apple apple apple apple apple apple apple
338,eowhl,whole,whole whole whole whole whole whole whole
339,foluyj,joyful,joyful joyful joyful joyful joyful joyful jolyfu
340,laolgb,global,global bollag global lablog global global global
341,azjz,jazz,jazz jazz jazz jazz jazz jazz jazz
342,buel,blue,blue lube blue lube blue blue blue
343,rcea,race,race race race race race race race
344,rwoyr,worry,worry rowry worry worry worry worry worry
345,oecxti,exotic,exotic exotic  exotic exotic exotic excite excito
346,admrei,admire,admeri admire admire  admire admire admire admire
347,omnaw,woman,woman monaw woman woman woman woman manow
348,eunrd,under,under runed under under under under drune
349,roeich,heroic,richeo choire choire heroic heroic cherio choier
350,lilb,bill,bill bill bill bill bill bill bill
351,rhaic,chair,chai chair chair  chair chair chair chair
352,bnda,band,band band band band band band band
353,pseong,sponge,sponge pesong sponge sponge sponge sponge pesong
354,rcinpe,prince,recipen cripen prince prince prince prince prince
355,ymafli,family,flaimuy family family family family family family
356,wieht,white,theiw white white withe white white weiht
357,ryma,army,mary mary mary army army army mary
358,lodwr,world,wo drowl world world world drowl world
359,acpm,camp,camp mapc camp camp camp camp camp
360,iqnuue,unique,quenui unique unique unique unique unique unique
